{"cameraMode":{"drawMode":0,"name":"Shaded","section":"Shading Mode"},"sceneLighting":true,"audioPlay":false,"sceneViewState":{"showFog":true,"showMaterialUpdate":false,"showSkybox":true,"showFlares":true,"showImageEffects":true,"showParticleSystems":true},"in2DMode":false,"pivot":{"x":430.6783752441406,"y":542.6099243164063,"z":-1343.8924560546875},"rotation":{"x":0.0750897154211998,"y":0.06277491897344589,"z":-0.004735652823001146,"w":0.9951907396316528},"size":86.43669128417969,"orthographic":false}